{
  "personal-details": [
    {
      "name": "jaj",
      "age": "54",
      "subject": "Dsa",
      "faculty": "Mr.Vikas Yadav(Rs.600/hour)",
      "timeslot": "14:00 - 15:00",
      "id": "d5d0"
    },
    {
      "id": "8feb",
      "name": "fgf",
      "age": "54",
      "subject": "Java",
      "faculty": "Mr.Siddharth Israni(Rs.700/hour)",
      "timeslot": "14:00 - 15:00"
    },
    {
      "name": "ff",
      "age": "123",
      "subject": "Java",
      "faculty": "Mr.Vikas Yadav(Rs.600/hour)",
      "timeslot": "17:00 - 18:00",
      "id": "da03"
    }
  ]
}